X	X2	WT
1	1	M
2	2	R
3	3	R
4	4	G
5	5	L
6	6	R
7	7	R
8	8	G
9	9	L
10	10	G
11	11	I
12	12	L
13	13	L
14	14	V
15	15	P
16	16	L
17	17	P
18	18	H
19	19	A
20	20	P
21	21	S
22	22	R
23	23	L
24	24	P
25	25	P
26	26	I
27	27	S
28	28	L
29	29	A
30	30	A
31	31	L
32	32	L
33	33	P
34	34	R
35	35	R
36	36	F
37	37	N
38	38	G
39	39	F
40	40	S
41	41	R
42	42	H
43	43	S
44	44	F
45	45	C
46	46	S
47	47	F
48	48	P
49	49	V
50	50	G
51	51	E
52	52	R
53	53	A
54	54	V
55	55	E
56	56	Q
57	57	F
58	58	S
59	59	D
60	60	D
61	61	E
62	62	Y
63	63	D
64	64	H
65	65	E
66	66	Y
67	67	E
68	68	D
69	69	L
70	70	R
71	-	-
72	-	-
73	-	-
74	-	-
75	-	-
76	-	-
77	-	-
78	-	-
79	-	-
80	-	-
81	-	-
82	-	-
83	-	-
84	-	-
85	-	-
86	-	-
87	-	-
88	-	-
89	-	-
90	-	-
91	-	-
92	-	-
93	-	-
94	-	-
95	-	-
96	-	-
97	-	-
98	-	-
99	-	-
100	-	-
101	-	-
102	-	-
103	-	-
104	-	-
105	-	-
106	-	-
107	-	-
108	-	-
109	-	-
110	-	-
111	-	-
112	71	P
113	72	S
114	73	S
115	74	S
116	75	V
117	76	A
118	77	N
119	78	I
120	79	D
121	80	E
122	81	W
123	82	R
124	83	W
125	84	K
126	85	L
127	86	S
128	87	M
129	88	L
130	89	Q
131	90	R
132	91	N
133	92	A
134	93	E
135	94	E
136	95	Q
137	96	E
138	97	I
139	98	I
140	99	S
141	100	R
142	101	D
143	102	R
144	103	R
145	104	D
146	105	R
147	106	R
148	107	D
149	108	Y
150	109	D
151	110	Q
152	111	I
153	112	A
154	113	N
155	114	L
156	115	A
157	116	K
158	117	R
159	118	M
160	119	G
161	120	L
162	121	Y
163	122	S
164	123	E
165	124	M
166	125	Y
167	126	G
168	127	R
169	128	V
170	129	V
171	130	V
172	131	A
173	132	S
174	133	K
175	134	V
176	135	P
177	136	L
178	137	P
179	138	N
180	139	Y
181	140	R
182	141	P
183	142	D
184	143	L
185	144	D
186	145	D
187	146	K
188	147	R
189	148	P
190	149	Q
191	150	R
192	151	E
193	152	V
194	153	V
195	154	I
196	155	P
197	156	L
198	157	G
199	158	L
200	159	Q
201	160	R
202	161	R
203	162	V
204	163	E
205	164	G
206	165	L
207	166	V
208	167	Q
209	168	E
210	169	H
211	170	L
212	171	D
213	172	R
214	173	A
215	174	F
216	175	L
217	176	P
218	177	L
219	178	N
220	179	K
221	180	C
222	181	G
223	182	G
224	183	N
225	184	T
226	185	K
227	186	N
228	187	G
229	188	S
230	189	D
231	190	M
232	191	T
233	192	E
234	193	N
235	194	A
236	195	N
237	196	L
238	197	D
239	198	E
240	199	Q
241	200	H
242	201	D
243	202	S
244	203	L
245	204	L
246	205	D
247	206	R
248	207	S
249	208	V
250	209	M
251	210	E
252	211	K
253	212	I
254	213	L
255	214	Q
256	215	R
257	216	K
258	217	S
259	218	I
260	219	R
261	220	M
262	221	R
263	222	N
264	223	F
265	224	Q
266	225	R
267	226	S
268	227	W
269	228	Q
270	229	E
271	230	S
272	231	P
273	232	E
274	233	G
275	234	A
276	235	K
277	236	M
278	237	L
279	238	E
280	239	F
281	240	R
282	241	R
283	242	S
284	243	L
285	244	P
286	245	A
287	246	D
288	247	K
289	248	E
290	249	K
291	250	E
292	251	R
293	252	L
294	253	L
295	254	A
296	255	A
297	256	I
298	257	A
299	258	R
300	259	N
301	260	Q
302	261	V
303	262	I
304	263	V
305	264	I
306	265	S
307	266	G
308	267	E
309	268	T
310	269	G
311	270	C
312	271	G
313	272	K
314	273	T
315	274	T
316	275	Q
317	276	L
318	277	P
319	278	Q
320	279	F
321	280	V
322	281	L
323	282	E
324	283	S
325	284	E
326	285	I
327	286	E
328	287	S
329	288	G
330	289	R
331	290	G
332	291	A
333	292	F
334	293	C
335	294	N
336	295	I
337	296	I
338	297	C
339	298	T
340	299	Q
341	300	P
342	301	R
343	302	R
344	303	I
345	304	S
346	305	A
347	306	M
348	307	A
349	308	V
350	309	A
351	310	E
352	311	R
353	312	V
354	313	S
355	314	T
356	315	E
357	316	R
358	317	G
359	318	E
360	319	N
361	320	L
362	321	G
363	322	E
364	323	S
365	324	V
366	325	G
367	326	Y
368	327	K
369	328	V
370	329	R
371	330	L
372	331	E
373	332	G
374	333	I
375	334	K
376	335	G
377	336	K
378	337	D
379	338	T
380	339	H
381	340	L
382	341	L
383	342	F
384	343	C
385	344	T
386	345	S
387	346	G
388	347	I
389	348	L
390	349	L
391	350	R
392	351	R
393	352	L
394	353	L
395	354	S
396	355	D
397	356	R
398	357	N
399	358	L
400	359	N
401	360	G
402	361	V
403	362	T
404	363	H
405	364	V
406	365	F
407	366	V
408	367	D
409	368	E
410	369	I
411	370	H
412	371	E
413	372	R
414	373	G
415	374	M
416	375	N
417	376	E
418	377	D
419	378	F
420	379	L
421	380	L
422	381	I
423	382	V
424	383	L
425	384	K
426	385	E
427	386	L
428	387	L
429	388	S
430	389	R
431	390	R
432	391	R
433	392	D
434	393	L
435	394	R
436	395	L
437	396	I
438	397	L
439	398	M
440	399	S
441	400	A
442	401	T
443	402	L
444	403	N
445	404	A
446	405	E
447	406	L
448	407	F
449	408	S
450	409	S
451	410	Y
452	411	F
453	412	G
454	413	G
455	414	A
456	415	P
457	416	T
458	417	I
459	418	H
460	419	I
461	420	P
462	421	G
463	422	F
464	423	T
465	424	H
466	425	P
467	426	V
468	427	R
469	428	A
470	429	H
471	430	F
472	431	L
473	432	E
474	433	D
475	434	I
476	435	L
477	436	E
478	437	R
479	438	S
480	439	G
481	440	Y
482	441	K
483	442	L
484	443	T
485	444	S
486	445	S
487	446	N
488	447	Q
489	448	L
490	449	D
491	450	D
492	451	Y
493	452	G
494	453	Q
495	454	D
496	455	K
497	456	V
498	457	W
499	458	K
500	459	T
501	460	Q
502	461	R
503	462	Q
504	463	L
505	464	L
506	465	P
507	466	R
508	467	K
509	468	R
510	469	K
511	470	N
512	471	Q
513	472	I
514	473	T
515	474	T
516	475	L
517	476	V
518	477	E
519	478	E
520	479	A
521	480	L
522	481	K
523	482	N
524	483	S
525	484	S
526	485	F
527	486	E
528	487	I
529	488	Y
530	489	G
531	490	S
532	491	R
533	492	T
534	493	R
535	494	D
536	495	S
537	496	L
538	497	V
539	498	N
540	499	W
541	500	N
542	501	P
543	502	D
544	503	C
545	504	I
546	505	G
547	506	F
548	507	N
549	508	L
550	509	I
551	510	E
552	511	A
553	512	V
554	513	L
555	514	C
556	515	H
557	516	I
558	517	C
559	518	R
560	519	K
561	520	E
562	521	R
563	522	P
564	523	G
565	524	A
566	525	V
567	526	L
568	527	V
569	528	F
570	529	M
571	530	T
572	531	G
573	532	W
574	533	D
575	534	D
576	535	I
577	536	S
578	537	C
579	538	L
580	539	K
581	540	D
582	541	Q
583	542	L
584	543	K
585	544	A
586	545	H
587	546	P
588	547	L
589	548	L
590	549	G
591	550	D
592	551	P
593	552	N
594	553	R
595	554	V
596	555	F
597	556	L
598	557	L
599	558	A
600	559	C
601	560	H
602	561	G
603	562	S
604	563	M
605	564	A
606	565	T
607	566	S
608	567	E
609	568	Q
610	569	R
611	570	L
612	571	I
613	572	F
614	573	E
615	574	K
616	575	P
617	576	P
618	577	P
619	578	N
620	579	V
621	580	R
622	581	K
623	582	V
624	583	V
625	584	L
626	585	A
627	586	T
628	587	N
629	588	M
630	589	A
631	590	E
632	591	A
633	592	S
634	593	I
635	594	T
636	595	I
637	596	N
638	597	D
639	598	I
640	599	V
641	600	F
642	601	V
643	602	V
644	603	D
645	604	C
646	605	G
647	606	K
648	607	A
649	608	K
650	609	E
651	610	T
652	611	T
653	612	Y
654	613	D
655	614	A
656	615	L
657	616	N
658	617	N
659	618	T
660	619	P
661	620	C
662	621	L
663	622	L
664	623	P
665	624	S
666	625	W
667	626	I
668	627	S
669	628	K
670	629	A
671	630	S
672	631	A
673	632	R
674	633	Q
675	634	R
676	635	R
677	636	G
678	637	R
679	638	A
680	639	G
681	640	R
682	641	V
683	642	Q
684	643	P
685	644	G
686	645	E
687	646	C
688	647	Y
689	648	H
690	649	L
691	650	Y
692	651	P
693	652	R
694	653	C
695	654	V
696	-	-
697	655	Y
698	656	D
699	657	A
700	658	F
701	659	A
702	660	D
703	661	Y
704	662	Q
705	663	L
706	664	P
707	665	E
708	666	L
709	667	L
710	668	R
711	669	T
712	670	P
713	671	L
714	672	N
715	673	S
716	674	L
717	-	-
718	675	C
719	676	L
720	677	Q
721	678	I
722	679	K
723	680	S
724	681	L
725	682	Q
726	683	V
727	684	G
728	685	S
729	686	I
730	687	G
731	688	E
732	689	F
733	690	L
734	691	S
735	692	A
736	693	A
737	694	L
738	695	Q
739	696	P
740	697	P
741	698	E
742	699	P
743	700	R
744	701	A
745	702	V
746	703	E
747	704	N
748	705	A
749	706	V
750	707	E
751	708	F
752	709	L
753	710	K
754	711	M
755	712	I
756	713	G
757	714	A
758	715	L
759	716	D
760	717	G
761	718	N
762	719	E
763	720	N
764	721	L
765	722	T
766	723	D
767	724	L
768	725	G
769	726	R
770	727	Y
771	728	L
772	729	S
773	730	M
774	731	L
775	732	P
776	733	V
777	734	D
778	735	P
779	736	K
780	737	L
781	738	G
782	739	K
783	740	M
784	741	L
785	742	I
786	743	M
787	744	G
788	745	A
789	746	V
790	747	F
791	748	R
792	749	C
793	750	I
794	751	D
795	752	P
796	753	I
797	754	L
798	755	T
799	756	V
800	757	V
801	758	A
802	759	G
803	760	L
804	761	S
805	762	V
806	763	R
807	764	D
808	765	P
809	766	F
810	767	L
811	768	L
812	769	P
813	770	Q
814	771	E
815	772	K
816	773	K
817	774	D
818	-	-
819	-	-
820	-	-
821	-	-
822	-	-
823	-	-
824	-	-
825	-	-
826	-	-
827	-	-
828	-	-
829	-	-
830	-	-
831	-	-
832	-	-
833	-	-
834	-	-
835	775	L
836	776	A
837	777	G
838	778	T
839	779	A
840	780	K
841	781	A
842	782	R
843	783	F
844	784	S
845	785	A
846	786	K
847	787	D
848	788	Y
849	789	S
850	790	D
851	791	H
852	792	M
853	793	A
854	794	L
855	795	V
856	796	R
857	797	A
858	798	Y
859	799	E
860	800	G
861	801	W
862	802	K
863	803	D
864	804	A
865	805	E
866	806	R
867	807	E
868	808	G
869	809	S
870	810	A
871	811	Y
872	812	E
873	813	Y
874	814	C
875	815	W
876	816	R
877	817	N
878	818	F
879	819	L
880	820	S
881	821	S
882	822	Q
883	823	T
884	824	L
885	825	Q
886	826	A
887	827	I
888	828	H
889	829	S
890	830	L
891	831	R
892	832	K
893	833	Q
894	834	F
895	835	S
896	836	Y
897	837	I
898	838	L
899	839	K
900	840	D
901	841	S
902	842	G
903	843	L
904	844	I
905	845	D
906	846	S
907	847	D
908	848	G
909	849	N
910	850	T
911	851	N
912	852	N
913	853	S
914	854	L
915	855	S
916	856	H
917	857	N
918	858	Q
919	859	S
920	860	L
921	861	V
922	862	R
923	863	G
924	864	I
925	865	I
926	866	C
927	867	S
928	868	G
929	869	L
930	870	F
931	871	P
932	872	G
933	873	I
934	874	A
935	875	S
936	876	V
937	877	V
938	878	H
939	879	R
940	880	E
941	881	S
942	882	S
943	883	M
944	884	S
945	885	F
946	886	K
947	887	T
948	888	M
949	889	D
950	890	D
951	891	G
952	892	Q
953	893	V
954	894	L
955	895	L
956	896	Y
957	897	A
958	898	N
959	899	S
960	900	V
961	901	N
962	902	A
963	903	K
964	904	Y
965	905	Q
966	906	T
967	907	I
968	908	P
969	909	Y
970	910	P
971	911	W
972	912	L
973	913	V
974	914	F
975	915	G
976	916	E
977	917	K
978	918	V
979	919	K
980	920	V
981	921	N
982	922	A
983	923	V
984	924	F
985	925	I
986	926	R
987	927	D
988	928	S
989	929	T
990	930	G
991	931	V
992	932	S
993	933	D
994	934	S
995	935	I
996	936	L
997	937	I
998	938	L
999	939	F
1000	940	G
1001	941	G
1002	942	A
1003	943	V
1004	944	A
1005	945	K
1006	946	G
1007	947	G
1008	948	M
1009	-	-
1010	-	-
1011	-	-
1012	-	-
1013	-	-
1014	-	-
1015	-	-
1016	-	-
1017	-	-
1018	-	-
1019	-	-
1020	-	-
1021	-	-
1022	-	-
1023	-	-
1024	-	-
1025	-	-
1026	-	-
1027	-	-
1028	-	-
1029	-	-
1030	-	-
1031	-	-
1032	-	-
1033	-	-
1034	-	-
1035	-	-
1036	-	-
1037	-	-
1038	-	-
1039	-	-
1040	949	A
1041	950	G
1042	951	H
1043	952	L
1044	953	K
1045	954	M
1046	955	L
1047	956	D
1048	957	G
1049	958	Y
1050	959	I
1051	960	D
1052	961	F
1053	962	F
1054	963	M
1055	964	D
1056	965	P
1057	966	S
1058	967	L
1059	968	S
1060	969	E
1061	970	C
1062	971	Y
1063	972	L
1064	973	Q
1065	974	L
1066	975	K
1067	976	E
1068	977	E
1069	978	L
1070	979	D
1071	980	K
1072	981	L
1073	982	I
1074	983	Q
1075	984	Q
1076	985	K
1077	986	L
1078	987	E
1079	988	D
1080	989	P
1081	990	N
1082	991	F
1083	992	D
1084	993	I
1085	994	H
1086	995	K
1087	996	E
1088	997	G
1089	998	K
1090	999	Y
1091	1000	I
1092	1001	L
1093	1002	F
1094	1003	A
1095	1004	V
1096	1005	Q
1097	1006	E
1098	1007	L
1099	1008	A
1100	1009	A
1101	1010	G
1102	1011	D
1103	1012	L
1104	1013	C
1105	1014	E
1106	1015	G
1107	1016	R
1108	1017	F
1109	1018	V
1110	1019	F
1111	1020	G
1112	1021	R
1113	1022	E
1114	1023	T
1115	1024	S
1116	1025	R
1117	1026	A
1118	1027	R
1119	1028	L
1120	1029	R
1121	1030	S
1122	1031	P
1123	1032	E
1124	1033	D
1125	1034	D
1126	1035	G
1127	1036	K
1128	1037	S
1129	1038	N
1130	1039	L
1131	1040	I
1132	1041	K
1133	1042	D
1134	1043	G
1135	1044	M
1136	1045	N
1137	1046	P
1138	1047	K
1139	1048	S
1140	1049	L
1141	1050	L
1142	1051	Q
1143	1052	T
1144	1053	L
1145	1054	L
1146	1055	M
1147	1056	R
1148	1057	A
1149	1058	G
1150	1059	H
1151	1060	T
1152	1061	P
1153	1062	P
1154	1063	R
1155	1064	Y
1156	1065	K
1157	1066	T
1158	1067	K
1159	1068	H
1160	1069	L
1161	1070	K
1162	1071	T
1163	1072	N
1164	1073	E
1165	1074	F
1166	1075	R
1167	1076	A
1168	1077	V
1169	1078	V
1170	1079	E
1171	1080	F
1172	1081	K
1173	1082	G
1174	1083	M
1175	1084	Q
1176	1085	F
1177	1086	V
1178	1087	G
1179	1088	K
1180	1089	P
1181	1090	K
1182	1091	R
1183	1092	N
1184	1093	K
1185	1094	Q
1186	1095	L
1187	1096	A
1188	1097	E
1189	1098	R
1190	1099	D
1191	1100	A
1192	1101	A
1193	1102	I
1194	1103	E
1195	1104	A
1196	1105	L
1197	1106	G
1198	1107	W
1199	1108	L
1200	1109	T
1201	1110	Q
1202	1111	T
1203	1112	S
1204	1113	G
1205	1114	V
1206	1115	K
1207	1116	A
1208	1117	P
1209	1118	D
1210	1119	E
1211	1120	N
1212	1121	D
1213	1122	D
1214	1123	D
1215	1124	S
1216	1125	P
1217	1126	L
1218	1127	D
1219	1128	L
1220	1129	T
1221	1130	D
1222	1131	S
1223	1132	M
1224	1133	L
1225	1134	K
1226	1135	L
1227	1136	L
1228	1137	T
1229	1138	R
1230	1139	P
1231	1140	R
1232	1141	R
1233	1142	H
1234	1143	S
1235	1144	K
1236	1145	N
1237	1146	S
1238	1147	S
1239	1148	R
1240	1149	K
1241	1150	R
1242	-	-
